prejudice,-1.0
established,-1.0
governor,-1.0
zeros,-1.0
matrices,-1.0
aggressive,-1.0
appetite,-1.0
injurious,-1.0
emitting,-1.0
abundances,-1.0
restaurateurs,-1.0
diplomacy,-1.0
protuberances,-1.0
relieve,-1.0
resistance,-1.0
avalanche,-1.0
renown,-1.0
grateful,-1.0
abundant,-1.0
causes,-1.0
acquired,-1.0
referring,-1.0
eligible,-1.0
recurrence,-1.0
neighbours,-1.0
permanently,-1.0
rhythm,-1.0
tyrannies,-1.0
recipient,-1.0
manageably,-1.0
rhyme,-1.0
phial,-1.0
plagiarism,-1.0
subterranean,-1.0
abandoned,-1.0
perceived,-1.0
liaisons,-1.0
homogenize,-1.0
level,-1.0
philippines,-1.0
uncompetitive,-1.0
proposition,-1.0
ogling,-1.0
unauthorised,-1.0
immanent,-1.0
abbreviated,-1.0
occurrence,-1.0
colossal,-1.0
mediterranean,-1.0
gnawed,-1.0
infiltration,-1.0
incrementally,-1.0
manoeuverability,-1.0
canonical,-1.0
reconciliation,-1.0
incompatible,-1.0
incidentally,-1.0
jeopardy,-1.0
unwieldy,-1.0
eminent,-1.0
incorruptible,-1.0
reminiscent,-1.0
consistently,-1.0
mischievous,-1.0
imitator,-1.0
proselytizing,-1.0
ammunition,-1.0
exercise,-1.0
unsurprisingly,-1.0
honour,-1.0
incompatibilities,-1.0
rudimentary,-1.0
anthropology,-1.0
favourable,-1.0
disastrous,-1.0
pursuit,-1.0
separation,-1.0
shriek,-1.0
venomous,-1.0
passengers,-1.0
divisions,-1.0
tortoise,-1.0
noticeable,-1.0
enmity,-1.0
vulnerability,-1.0
deities,-1.0
miniature,-1.0
maneuverability,-1.0
simultaneous,-1.0
pheromone,-1.0
principally,-1.0
noticeably,-1.0
councilors,-1.0
visibly,-1.0
erected,-1.0
sacrilegious,-1.0
remnant,-1.0
archaeological,-1.0
anomalies,-1.0
fluorescent,-1.0
proprietary,-1.0
perseverance,-1.0
attendance,-1.0
proceed,-1.0
prove,-1.0
adversary,-1.0
etc,-1.0
wield,-1.0
two,-1.0
accommodation,-1.0
duplicate,-1.0
asteroid,-1.0
separatism,-1.0
separated,-1.0
denigrating,-1.0
parliament,-1.0
occurred,-1.0
meteorologist,-1.0
emigration,-1.0
misogyny,-1.0
expeditionary,-1.0
magnanimous,-1.0
separates,-1.0
archaeologists,-1.0
sovereignty,-1.0
abundance,-1.0
pageant,-1.0
transmissible,-1.0
science,-1.0
reelected,-1.0
androgynous,-1.0
possession,-1.0
districts,-1.0
apologetics,-1.0
labeled,-1.0
criticizing,-1.0
fulfill,-1.0
embezzled,-1.0
ascetic,-1.0
misfortunes,-1.0
pogroms,-1.0
metallurgical,-1.0
embarrassing,-1.0
auxiliaries,-1.0
disparate,-1.0
plebiscite,-1.0
surveyor,-1.0
villain,-1.0
bureaucracy,-1.0
ascension,-1.0
offense,-1.0
allege,-1.0
unforgettable,-1.0
provincial,-1.0
elicited,-1.0
buoyant,-1.0
aficionado,-1.0
innumerable,-1.0
write,-1.0
responsibilities,-1.0
occasionally,-1.0
guatemalan,-1.0
fourth,-1.0
vigilance,-1.0
pogrom,-1.0
intelligent,-1.0
guttural,-1.0
fanaticism,-1.0
sandwich,-1.0
ubiquitous,-1.0
anoint,-1.0
cocktail,-1.0
unnoticeable,-1.0
protuberance,-1.0
besiege,-1.0
chiefs,-1.0
perjury,-1.0
mankind,-1.0
truly,-1.0
compatibility,-1.0
privileges,-1.0
infallibility,-1.0
idiosyncrasy,-1.0
xenophobia,-1.0
acknowledged,-1.0
fungi,-1.0
fictitious,-1.0
encyclopedia,-1.0
archaeology,-1.0
colonnade,-1.0
legitimate,-1.0
foresaw,-1.0
archeologist,-1.0
hierarchy,-1.0
forfeit,-1.0
misdemeanor,-1.0
seizing,-1.0
entity,-1.0
stylus,-1.0
mathematicians,-1.0
committee,-1.0
deity,-1.0
vilify,-1.0
disagreed,-1.0
supplemented,-1.0
no one,-1.0
accordion,-1.0
unforeseen,-1.0
organisation,-1.0
accommodations,-1.0
secede,-1.0
permanent,-1.0
bout,-1.0
possessing,-1.0
vehicle,-1.0
inoculated,-1.0
devastated,-1.0
reigning,-1.0
emphasised,-1.0
emigrated,-1.0
roommate,-1.0
permissible,-1.0
satellites,-1.0
illegitimacy,-1.0
caucuses,-1.0
discuss,-1.0
association,-1.0
strive,-1.0
harasses,-1.0
february,-1.0
decommissioned,-1.0
imprisoned,-1.0
potatoes,-1.0
yachting,-1.0
mucous,-1.0
shamans,-1.0
expels,-1.0
filament,-1.0
toroidal,-1.0
aggrieved,-1.0
phonetic,-1.0
accommodated,-1.0
preceded,-1.0
suffrage,-1.0
archetypes,-1.0
pursuits,-1.0
precedes,-1.0
reached,-1.0
separating,-1.0
ameliorate,-1.0
heave,-1.0
neighbourhood,-1.0
hippopotamus,-1.0
license,-1.0
mediciny,-1.0
frontier,-1.0
coincidentally,-1.0
vehement,-1.0
interference,-1.0
forty,-1.0
counselors,-1.0
laid,-1.0
millennium,-1.0
delusively,-1.0
shadaloo,-1.0
inevitably,-1.0
mercantile,-1.0
belief,-1.0
carcass,-1.0
siege,-1.0
strata,-1.0
quite,-1.0
campaigns,-1.0
compatibilities,-1.0
seceded,-1.0
embarrass,-1.0
noncombatants,-1.0
immigrated,-1.0
larvae,-1.0
corrosion,-1.0
octahedron,-1.0
libertarianism,-1.0
omit,-1.0
feasible,-1.0
liaison,-1.0
crystallisation,-1.0
receding,-1.0
facilitate,-1.0
infantryman,-1.0
foundries,-1.0
belligerent,-1.0
fulfilled,-1.0
sovereign,-1.0
unaccompanied,-1.0
foremost,-1.0
occurrences,-1.0
anonymity,-1.0
antarctic,-1.0
precisely,-1.0
withheld,-1.0
susceptible,-1.0
necessarily,-1.0
practitioners,-1.0
similarly,-1.0
guinness,-1.0
unknown,-1.0
approximately,-1.0
fahrenheit,-1.0
physically,-1.0
transcendent,-1.0
compromise,-1.0
sergeant,-1.0
passed,-1.0
attendants,-1.0
erupted,-1.0
courier,-1.0
that,-1.0
relieved,-1.0
ridiculous,-1.0
expatriate,-1.0
corresponded,-1.0
constituent,-1.0
interred,-1.0
stirs,-1.0
albeit,-1.0
homogenized,-1.0
assaulted,-1.0
unfortunately,-1.0
unmaneuverable,-1.0
egregious,-1.0
meteorology,-1.0
omnivorous,-1.0
optimism,-1.0
preparation,-1.0
aerials,-1.0
wielded,-1.0
counselor,-1.0
solely,-1.0
rigueur,-1.0
anthropologist,-1.0
rhythmic,-1.0
galactic,-1.0
achieves,-1.0
notwithstanding,-1.0
pastime,-1.0
reorganisation,-1.0
expeditions,-1.0
eels,-1.0
unmanoeuvrable,-1.0
strength,-1.0
connived,-1.0
thoroughly,-1.0
separate,-1.0
jurisdictions,-1.0
officers,-1.0
thorough,-1.0
metallic,-1.0
pursued,-1.0
caesar,-1.0
niece,-1.0
which,-1.0
resembling,-1.0
pilgrimage,-1.0
martyred,-1.0
concern,-1.0
catholicism,-1.0
worldwide,-1.0
annihilation,-1.0
committing,-1.0
oppressive,-1.0
liquefy,-1.0
judaism,-1.0
promiscuous,-1.0
pharaoh,-1.0
serval,-1.0
rehearsal,-1.0
algebraic,-1.0
assault,-1.0
vengeance,-1.0
propagate,-1.0
forties,-1.0
exercises,-1.0
unbeknownst,-1.0
nuisance,-1.0
extremely,-1.0
exonerate,-1.0
hypocrite,-1.0
radioactive,-1.0
especially,-1.0
consequences,-1.0
enthusiastic,-1.0
devastating,-1.0
accession,-1.0
premiered,-1.0
enlist,-1.0
definitely,-1.0
consummate,-1.0
artificially,-1.0
parenthesis,-1.0
administrate,-1.0
rechargeable,-1.0
perpetrated,-1.0
admittedly,-1.0
heredity,-1.0
contemporary,-1.0
moroccan,-1.0
soluble,-1.0
gauge,-1.0
descendant,-1.0
availability,-1.0
aggravate,-1.0
resemblance,-1.0
sheriff,-1.0
stubbornness,-1.0
proclamation,-1.0
millennia,-1.0
centennial,-1.0
abseil,-1.0
manoeuvre,-1.0
infiltrated,-1.0
transcendental,-1.0
enthusiasm,-1.0
androgyny,-1.0
ensconced,-1.0
predecessor,-1.0
extraterrestrials,-1.0
fomalhaut,-1.0
atheistic,-1.0
hijacking,-1.0
criticizes,-1.0
glamorous,-1.0
genitalia,-1.0
criticized,-1.0
incompatibility,-1.0
guatemala,-1.0
synchronization,-1.0
infallible,-1.0
ninth,-1.0
combinations,-1.0
satirical,-1.0
imitating,-1.0
hieroglyph,-1.0
quarantine,-1.0
parasitic,-1.0
retaliation,-1.0
illegitimate,-1.0
whether,-1.0
segues,-1.0
withdrawal,-1.0
crucifixion,-1.0
secretary,-1.0
immigrants,-1.0
uninhabited,-1.0
diminutive,-1.0
sensitivity,-1.0
maneuvers,-1.0
flammable,-1.0
elected,-1.0
actively,-1.0
surrendered,-1.0
facilitates,-1.0
franciscans,-1.0
techniques,-1.0
octahedra,-1.0
colander,-1.0
palette,-1.0
mortgage,-1.0
aqueduct,-1.0
superseded,-1.0
unmistakably,-1.0
propagates,-1.0
maneuverable,-1.0
perverse,-1.0
myriad,-1.0
anti-apartheid,-1.0
mussels,-1.0
reproducible,-1.0
boundary,-1.0
champagne,-1.0
numerous,-1.0
pollinators,-1.0
consonants,-1.0
derogatory,-1.0
interchangeably,-1.0
foreword,-1.0
embargoes,-1.0
emitted,-1.0
abandons,-1.0
inseparable,-1.0
souvenir,-1.0
pilgrimages,-1.0
densely,-1.0
millennialism,-1.0
cervical,-1.0
receded,-1.0
memento,-1.0
emigrant,-1.0
tyranny,-1.0
patented,-1.0
goddess,-1.0
rhythms,-1.0
libya,-1.0
influential,-1.0
auditory,-1.0
besieging,-1.0
propagation,-1.0
unchallengeable,-1.0
archaeologist,-1.0
cartilage,-1.0
conquered,-1.0
guerrilla,-1.0
conceited,-1.0
arbitrarily,-1.0
among,-1.0
canisters,-1.0
destabilized,-1.0
licence,-1.0
malcolm,-1.0
allegiance,-1.0
hygiene,-1.0
interchangeable,-1.0
additionally,-1.0
buoyancy,-1.0
suppressing,-1.0
charismatic,-1.0
bureaucratic,-1.0
considering,-1.0
proceeded,-1.0
troupes,-1.0
milieu,-1.0
haemorrhage,-1.0
immense,-1.0
thieves,-1.0
detrimental,-1.0
interest,-1.0
peaceful,-1.0
constituencies,-1.0
criticises,-1.0
assassinated,-1.0
anomaly,-1.0
armistice,-1.0
archeologists,-1.0
institutionalized,-1.0
nickel,-1.0
league,-1.0
philippine,-1.0
transferring,-1.0
neighbour,-1.0
dramatic,-1.0
napoleon,-1.0
specialised,-1.0
predominately,-1.0
journeyed,-1.0
publicly,-1.0
admissibility,-1.0
accommodating,-1.0
empirical,-1.0
graffiti,-1.0
reconnaissance,-1.0
precede,-1.0
omnivorously,-1.0
tremolo,-1.0
credence,-1.0
manoeuvring,-1.0
characteristics,-1.0
separatist,-1.0
telephony,-1.0
arrangements,-1.0
purportedly,-1.0
calender,-1.0
effluence,-1.0
helmet,-1.0
synagogue,-1.0
vagaries,-1.0
recipients,-1.0
sensitive,-1.0
splendour,-1.0
preparatory,-1.0
surveillance,-1.0
acquaintances,-1.0
manoeuvrability,-1.0
bernoulli,-1.0
party,-1.0
hierarchies,-1.0
privileged,-1.0
higher,-1.0
satellite,-1.0
temporary,-1.0
inadvertently,-1.0
premiere,-1.0
pomegranate,-1.0
assist,-1.0
censure,-1.0
annulled,-1.0
monikers,-1.0
parliamentarian,-1.0
characters,-1.0
oeuvre,-1.0
omelette,-1.0
sidereal,-1.0
constitutional,-1.0
tentacle,-1.0
subpoena,-1.0
personnel,-1.0
position,-1.0
offensively,-1.0
possesses,-1.0
servile,-1.0
upgraded,-1.0
endeavour,-1.0
knowledgeable,-1.0
technicians,-1.0
camouflage,-1.0
irritable,-1.0
portrayed,-1.0
residential,-1.0
assassination,-1.0
cemetery,-1.0
exercising,-1.0
octahedral,-1.0
restaurateur,-1.0
obedient,-1.0
plateau,-1.0
exempt,-1.0
aficionados,-1.0
unprecedented,-1.0
genealogies,-1.0
soliloquy,-1.0
insensitive,-1.0
vindicate,-1.0
decomposed,-1.0
ancillary,-1.0
immediately,-1.0
disappointed,-1.0
assassinate,-1.0
occurring,-1.0
acquainted,-1.0
necessary,-1.0
differentiations,-1.0
nutrients,-1.0
unnecessary,-1.0
souvenirs,-1.0
separately,-1.0
indisputably,-1.0
occasions,-1.0
sorcerer,-1.0
misdemeanors,-1.0
portuguese,-1.0
irresistibly,-1.0
jewellery,-1.0
humorous,-1.0
imprisonment,-1.0
emanate,-1.0
presidential,-1.0
accommodates,-1.0
metallurgic,-1.0
hindrance,-1.0
harassment,-1.0
bonanno,-1.0
irresistible,-1.0
acquaintance,-1.0
caribbean,-1.0
dilapidated,-1.0
archeology,-1.0
rehearse,-1.0
innocence,-1.0
councilor,-1.0
buddha,-1.0
light years,-1.0
syphilis,-1.0
beleaguered,-1.0
humoral,-1.0
prairies,-1.0
wayward,-1.0
equivalent,-1.0
acclimatization,-1.0
kleenex,-1.0
lieutenant,-1.0
substituted,-1.0
architectural,-1.0
accompanied,-1.0
targeting,-1.0
refers,-1.0
dalmatian,-1.0
desiccated,-1.0
rarefied,-1.0
enameled,-1.0
raucous,-1.0
certainty,-1.0
anomalous,-1.0
dependence,-1.0
compatible,-1.0
testimony,-1.0
emperor,-1.0
tome,-1.0
meerkat,-1.0
rabbinical,-1.0
correspondents,-1.0
anointing,-1.0
immunosuppressant,-1.0
formerly,-1.0
harassed,-1.0
dissatisfaction,-1.0
accommodate,-1.0
device,-1.0
exacerbated,-1.0
councillors,-1.0
consummated,-1.0
remembrance,-1.0
valuable,-1.0
defendants,-1.0
fluorine,-1.0
bankruptcy,-1.0
inadvertent,-1.0
paraphernalia,-1.0
indispensable,-1.0
besieged,-1.0
sneaks,-1.0
foreseeable,-1.0
pronunciation,-1.0
clinical,-1.0
refrigerator,-1.0
brazilian,-1.0
extravagant,-1.0
opponent,-1.0
manoeuvred,-1.0
commandeer,-1.0
manoeuvrable,-1.0
libel,-1.0
immigration,-1.0
privilege,-1.0
archaic,-1.0
hierarchical,-1.0
manoeuvres,-1.0
passersby,-1.0
with,-1.0
resistible,-1.0
monotypic,-1.0
made,-1.0
pavilion,-1.0
genealogy,-1.0
versions,-1.0
vigor,-1.0
morocco,-1.0
alienating,-1.0
accustomed,-1.0
hieroglyphs,-1.0
heterogeneous,-1.0
piece,-1.0
propaganda,-1.0
unwarranted,-1.0
proved,-1.0
gratuitous,-1.0
pseudonymous,-1.0
perennially,-1.0
dissemination,-1.0
spoonfuls,-1.0
laboratory,-1.0
sheath,-1.0
amused,-1.0
hemorrhage,-1.0
casualty,-1.0
brethren,-1.0
renowned,-1.0
streamlining,-1.0
pantomime,-1.0
hypocrisy,-1.0
prerogative,-1.0
excel,-1.0
supplementing,-1.0
emanated,-1.0
organise,-1.0
irreplaceable,-1.0
pseudonym,-1.0
absorption,-1.0
beginnings,-1.0
refrigeration,-1.0
harassments,-1.0
millennial,-1.0
preceding,-1.0
rendezvous,-1.0
endeavors,-1.0
miscellaneous,-1.0
inherently,-1.0
nonoperational,-1.0
genealogical,-1.0
weaponry,-1.0
ambiguous,-1.0
troupe,-1.0
sneeze,-1.0
existent,-1.0
guerrillas,-1.0
prevalent,-1.0
atheist,-1.0
foundry,-1.0
persistent,-1.0
together,-1.0
appalling,-1.0
carrying,-1.0
backward,-1.0
